title,author,genre,total_likes,status,release_day,views,subscribers,rating,total_chapters,chapter,likes,published,scrape_date
Let's Play,Leeanne M. Krecic (Mongie),Romance,40938474,Ongoing,Tuesday,665900000,4800000,9.58,182,47,255321,2018-09-11,2023-01-13
Let's Play,Leeanne M. Krecic (Mongie),Romance,40938474,Ongoing,Tuesday,665900000,4800000,9.58,182,46,227964,2018-09-04,2023-01-13
Let's Play,Leeanne M. Krecic (Mongie),Romance,40938474,Ongoing,Tuesday,665900000,4800000,9.58,182,45,230893,2018-08-28,2023-01-13
Let's Play,Leeanne M. Krecic (Mongie),Romance,40938474,Ongoing,Tuesday,665900000,4800000,9.58,182,44,229498,2018-08-21,2023-01-13
Let's Play,Leeanne M. Krecic (Mongie),Romance,40938474,Ongoing,Tuesday,665900000,4800000,9.58,182,43,236273,2018-08-14,2023-01-13
Let's Play,Leeanne M. Krecic (Mongie),Romance,40938474,Ongoing,Tuesday,665900000,4800000,9.58,182,42,267874,2018-08-07,2023-01-13
Let's Play,Leeanne M. Krecic (Mongie),Romance,40938474,Ongoing,Tuesday,665900000,4800000,9.58,182,41,246377,2018-07-31,2023-01-13
Let's Play,Leeanne M. Krecic (Mongie),Romance,40938474,Ongoing,Tuesday,665900000,4800000,9.58,182,40,254610,2018-07-24,2023-01-13
Let's Play,Leeanne M. Krecic (Mongie),Romance,40938474,Ongoing,Tuesday,665900000,4800000,9.58,182,39,236140,2018-07-17,2023-01-13
Let's Play,Leeanne M. Krecic (Mongie),Romance,40938474,Ongoing,Tuesday,665900000,4800000,9.58,182,182,143073,2022-09-05,2023-01-13
Let's Play,Leeanne M. Krecic (Mongie),Romance,40938474,Ongoing,Tuesday,665900000,4800000,9.58,182,181,137879,2022-08-29,2023-01-13
Let's Play,Leeanne M. Krecic (Mongie),Romance,40938474,Ongoing,Tuesday,665900000,4800000,9.58,182,180,145308,2022-08-22,2023-01-13
Let's Play,Leeanne M. Krecic (Mongie),Romance,40938474,Ongoing,Tuesday,665900000,4800000,9.58,182,179,139737,2022-08-15,2023-01-13
Let's Play,Leeanne M. Krecic (Mongie),Romance,40938474,Ongoing,Tuesday,665900000,4800000,9.58,182,178,155480,2022-08-08,2023-01-13
Let's Play,Leeanne M. Krecic (Mongie),Romance,40938474,Ongoing,Tuesday,665900000,4800000,9.58,182,177,153479,2022-08-01,2023-01-13
Let's Play,Leeanne M. Krecic (Mongie),Romance,40938474,Ongoing,Tuesday,665900000,4800000,9.58,182,176,161737,2022-07-25,2023-01-13
Let's Play,Leeanne M. Krecic (Mongie),Romance,40938474,Ongoing,Tuesday,665900000,4800000,9.58,182,175,152859,2022-07-18,2023-01-13
Let's Play,Leeanne M. Krecic (Mongie),Romance,40938474,Ongoing,Tuesday,665900000,4800000,9.58,182,174,165931,2022-07-11,2023-01-13
Let's Play,Leeanne M. Krecic (Mongie),Romance,40938474,Ongoing,Tuesday,665900000,4800000,9.58,182,164,185670,2022-03-21,2023-01-13
Let's Play,Leeanne M. Krecic (Mongie),Romance,40938474,Ongoing,Tuesday,665900000,4800000,9.58,182,163,186949,2022-03-14,2023-01-13
Let's Play,Leeanne M. Krecic (Mongie),Romance,40938474,Ongoing,Tuesday,665900000,4800000,9.58,182,162,175603,2022-03-07,2023-01-13
Let's Play,Leeanne M. Krecic (Mongie),Romance,40938474,Ongoing,Tuesday,665900000,4800000,9.58,182,161,167323,2022-02-28,2023-01-13
Let's Play,Leeanne M. Krecic (Mongie),Romance,40938474,Ongoing,Tuesday,665900000,4800000,9.58,182,160,185722,2022-02-07,2023-01-13
Let's Play,Leeanne M. Krecic (Mongie),Romance,40938474,Ongoing,Tuesday,665900000,4800000,9.58,182,159,183096,2022-01-31,2023-01-13
Let's Play,Leeanne M. Krecic (Mongie),Romance,40938474,Ongoing,Tuesday,665900000,4800000,9.58,182,158,193547,2022-01-24,2023-01-13
Let's Play,Leeanne M. Krecic (Mongie),Romance,40938474,Ongoing,Tuesday,665900000,4800000,9.58,182,157,190942,2022-01-17,2023-01-13
Let's Play,Leeanne M. Krecic (Mongie),Romance,40938474,Ongoing,Tuesday,665900000,4800000,9.58,182,156,182705,2022-01-10,2023-01-13
Let's Play,Leeanne M. Krecic (Mongie),Romance,40938474,Ongoing,Tuesday,665900000,4800000,9.58,182,74,251205,2019-03-25,2023-01-13
Let's Play,Leeanne M. Krecic (Mongie),Romance,40938474,Ongoing,Tuesday,665900000,4800000,9.58,182,73,230160,2019-03-18,2023-01-13
Let's Play,Leeanne M. Krecic (Mongie),Romance,40938474,Ongoing,Tuesday,665900000,4800000,9.58,182,72,230188,2019-03-11,2023-01-13
Let's Play,Leeanne M. Krecic (Mongie),Romance,40938474,Ongoing,Tuesday,665900000,4800000,9.58,182,71,239979,2019-03-04,2023-01-13
Let's Play,Leeanne M. Krecic (Mongie),Romance,40938474,Ongoing,Tuesday,665900000,4800000,9.58,182,70,241206,2019-02-25,2023-01-13
Let's Play,Leeanne M. Krecic (Mongie),Romance,40938474,Ongoing,Tuesday,665900000,4800000,9.58,182,69,232209,2019-02-18,2023-01-13
Let's Play,Leeanne M. Krecic (Mongie),Romance,40938474,Ongoing,Tuesday,665900000,4800000,9.58,182,68,205971,2019-02-11,2023-01-13
Let's Play,Leeanne M. Krecic (Mongie),Romance,40938474,Ongoing,Tuesday,665900000,4800000,9.58,182,67,233598,2019-02-04,2023-01-13
Let's Play,Leeanne M. Krecic (Mongie),Romance,40938474,Ongoing,Tuesday,665900000,4800000,9.58,182,66,229760,2019-01-28,2023-01-13
Let's Play,Leeanne M. Krecic (Mongie),Romance,40938474,Ongoing,Tuesday,665900000,4800000,9.58,182,137,236183,2021-08-02,2023-01-13
Let's Play,Leeanne M. Krecic (Mongie),Romance,40938474,Ongoing,Tuesday,665900000,4800000,9.58,182,136,246354,2021-07-26,2023-01-13
Let's Play,Leeanne M. Krecic (Mongie),Romance,40938474,Ongoing,Tuesday,665900000,4800000,9.58,182,135,228031,2021-07-19,2023-01-13
Let's Play,Leeanne M. Krecic (Mongie),Romance,40938474,Ongoing,Tuesday,665900000,4800000,9.58,182,134,247704,2021-07-12,2023-01-13
Let's Play,Leeanne M. Krecic (Mongie),Romance,40938474,Ongoing,Tuesday,665900000,4800000,9.58,182,133,264929,2021-07-05,2023-01-13
Let's Play,Leeanne M. Krecic (Mongie),Romance,40938474,Ongoing,Tuesday,665900000,4800000,9.58,182,132,209712,2021-07-01,2023-01-13
Let's Play,Leeanne M. Krecic (Mongie),Romance,40938474,Ongoing,Tuesday,665900000,4800000,9.58,182,131,312627,2020-08-17,2023-01-13
Let's Play,Leeanne M. Krecic (Mongie),Romance,40938474,Ongoing,Tuesday,665900000,4800000,9.58,182,130,270237,2020-08-10,2023-01-13
Let's Play,Leeanne M. Krecic (Mongie),Romance,40938474,Ongoing,Tuesday,665900000,4800000,9.58,182,129,233561,2020-08-03,2023-01-13
Let's Play,Leeanne M. Krecic (Mongie),Romance,40938474,Ongoing,Tuesday,665900000,4800000,9.58,182,92,230032,2019-11-11,2023-01-13
Let's Play,Leeanne M. Krecic (Mongie),Romance,40938474,Ongoing,Tuesday,665900000,4800000,9.58,182,91,236175,2019-11-04,2023-01-13
Let's Play,Leeanne M. Krecic (Mongie),Romance,40938474,Ongoing,Tuesday,665900000,4800000,9.58,182,90,224227,2019-10-28,2023-01-13
Let's Play,Leeanne M. Krecic (Mongie),Romance,40938474,Ongoing,Tuesday,665900000,4800000,9.58,182,89,227003,2019-10-21,2023-01-13
Let's Play,Leeanne M. Krecic (Mongie),Romance,40938474,Ongoing,Tuesday,665900000,4800000,9.58,182,88,233387,2019-10-14,2023-01-13
Let's Play,Leeanne M. Krecic (Mongie),Romance,40938474,Ongoing,Tuesday,665900000,4800000,9.58,182,87,230917,2019-10-07,2023-01-13
Let's Play,Leeanne M. Krecic (Mongie),Romance,40938474,Ongoing,Tuesday,665900000,4800000,9.58,182,86,237591,2019-09-30,2023-01-13
Let's Play,Leeanne M. Krecic (Mongie),Romance,40938474,Ongoing,Tuesday,665900000,4800000,9.58,182,85,240509,2019-09-23,2023-01-13
Let's Play,Leeanne M. Krecic (Mongie),Romance,40938474,Ongoing,Tuesday,665900000,4800000,9.58,182,84,233616,2019-09-16,2023-01-13
Let's Play,Leeanne M. Krecic (Mongie),Romance,40938474,Ongoing,Tuesday,665900000,4800000,9.58,182,173,147067,2022-07-04,2023-01-13
Let's Play,Leeanne M. Krecic (Mongie),Romance,40938474,Ongoing,Tuesday,665900000,4800000,9.58,182,172,157002,2022-06-27,2023-01-13
Let's Play,Leeanne M. Krecic (Mongie),Romance,40938474,Ongoing,Tuesday,665900000,4800000,9.58,182,171,156806,2022-06-20,2023-01-13
Let's Play,Leeanne M. Krecic (Mongie),Romance,40938474,Ongoing,Tuesday,665900000,4800000,9.58,182,170,154848,2022-06-13,2023-01-13
Let's Play,Leeanne M. Krecic (Mongie),Romance,40938474,Ongoing,Tuesday,665900000,4800000,9.58,182,169,161373,2022-06-06,2023-01-13
Let's Play,Leeanne M. Krecic (Mongie),Romance,40938474,Ongoing,Tuesday,665900000,4800000,9.58,182,168,160975,2022-05-02,2023-01-13
Let's Play,Leeanne M. Krecic (Mongie),Romance,40938474,Ongoing,Tuesday,665900000,4800000,9.58,182,167,181440,2022-04-25,2023-01-13
Let's Play,Leeanne M. Krecic (Mongie),Romance,40938474,Ongoing,Tuesday,665900000,4800000,9.58,182,166,273090,2022-04-11,2023-01-13
Let's Play,Leeanne M. Krecic (Mongie),Romance,40938474,Ongoing,Tuesday,665900000,4800000,9.58,182,165,177849,2022-04-04,2023-01-13
Let's Play,Leeanne M. Krecic (Mongie),Romance,40938474,Ongoing,Tuesday,665900000,4800000,9.58,182,155,189327,2021-12-20,2023-01-13
Let's Play,Leeanne M. Krecic (Mongie),Romance,40938474,Ongoing,Tuesday,665900000,4800000,9.58,182,154,186716,2021-12-13,2023-01-13
Let's Play,Leeanne M. Krecic (Mongie),Romance,40938474,Ongoing,Tuesday,665900000,4800000,9.58,182,153,196983,2021-12-06,2023-01-13
Let's Play,Leeanne M. Krecic (Mongie),Romance,40938474,Ongoing,Tuesday,665900000,4800000,9.58,182,152,214417,2021-11-29,2023-01-13
Let's Play,Leeanne M. Krecic (Mongie),Romance,40938474,Ongoing,Tuesday,665900000,4800000,9.58,182,151,196941,2021-11-15,2023-01-13
Let's Play,Leeanne M. Krecic (Mongie),Romance,40938474,Ongoing,Tuesday,665900000,4800000,9.58,182,150,197739,2021-11-08,2023-01-13
Let's Play,Leeanne M. Krecic (Mongie),Romance,40938474,Ongoing,Tuesday,665900000,4800000,9.58,182,149,191603,2021-11-01,2023-01-13
Let's Play,Leeanne M. Krecic (Mongie),Romance,40938474,Ongoing,Tuesday,665900000,4800000,9.58,182,148,211219,2021-10-25,2023-01-13
Let's Play,Leeanne M. Krecic (Mongie),Romance,40938474,Ongoing,Tuesday,665900000,4800000,9.58,182,147,198465,2021-10-18,2023-01-13
Let's Play,Leeanne M. Krecic (Mongie),Romance,40938474,Ongoing,Tuesday,665900000,4800000,9.58,182,65,235814,2019-01-21,2023-01-13
Let's Play,Leeanne M. Krecic (Mongie),Romance,40938474,Ongoing,Tuesday,665900000,4800000,9.58,182,64,238930,2019-01-14,2023-01-13
Let's Play,Leeanne M. Krecic (Mongie),Romance,40938474,Ongoing,Tuesday,665900000,4800000,9.58,182,63,239505,2019-01-07,2023-01-13
Let's Play,Leeanne M. Krecic (Mongie),Romance,40938474,Ongoing,Tuesday,665900000,4800000,9.58,182,62,244246,2018-12-31,2023-01-13
Let's Play,Leeanne M. Krecic (Mongie),Romance,40938474,Ongoing,Tuesday,665900000,4800000,9.58,182,61,240495,2018-12-25,2023-01-13
Let's Play,Leeanne M. Krecic (Mongie),Romance,40938474,Ongoing,Tuesday,665900000,4800000,9.58,182,60,229358,2018-12-18,2023-01-13
Let's Play,Leeanne M. Krecic (Mongie),Romance,40938474,Ongoing,Tuesday,665900000,4800000,9.58,182,59,237189,2018-12-11,2023-01-13
Let's Play,Leeanne M. Krecic (Mongie),Romance,40938474,Ongoing,Tuesday,665900000,4800000,9.58,182,58,239647,2018-12-04,2023-01-13
Let's Play,Leeanne M. Krecic (Mongie),Romance,40938474,Ongoing,Tuesday,665900000,4800000,9.58,182,57,240418,2018-11-27,2023-01-13
Let's Play,Leeanne M. Krecic (Mongie),Romance,40938474,Ongoing,Tuesday,665900000,4800000,9.58,182,128,283442,2020-07-27,2023-01-13
Let's Play,Leeanne M. Krecic (Mongie),Romance,40938474,Ongoing,Tuesday,665900000,4800000,9.58,182,127,283170,2020-07-20,2023-01-13
Let's Play,Leeanne M. Krecic (Mongie),Romance,40938474,Ongoing,Tuesday,665900000,4800000,9.58,182,126,247683,2020-07-13,2023-01-13
Let's Play,Leeanne M. Krecic (Mongie),Romance,40938474,Ongoing,Tuesday,665900000,4800000,9.58,182,125,254403,2020-07-06,2023-01-13
Let's Play,Leeanne M. Krecic (Mongie),Romance,40938474,Ongoing,Tuesday,665900000,4800000,9.58,182,124,247268,2020-06-29,2023-01-13
Let's Play,Leeanne M. Krecic (Mongie),Romance,40938474,Ongoing,Tuesday,665900000,4800000,9.58,182,123,246314,2020-06-22,2023-01-13
Let's Play,Leeanne M. Krecic (Mongie),Romance,40938474,Ongoing,Tuesday,665900000,4800000,9.58,182,122,251735,2020-06-15,2023-01-13
Let's Play,Leeanne M. Krecic (Mongie),Romance,40938474,Ongoing,Tuesday,665900000,4800000,9.58,182,121,258370,2020-06-08,2023-01-13
Let's Play,Leeanne M. Krecic (Mongie),Romance,40938474,Ongoing,Tuesday,665900000,4800000,9.58,182,120,250303,2020-06-01,2023-01-13
Let's Play,Leeanne M. Krecic (Mongie),Romance,40938474,Ongoing,Tuesday,665900000,4800000,9.58,182,38,249443,2018-07-10,2023-01-13
Let's Play,Leeanne M. Krecic (Mongie),Romance,40938474,Ongoing,Tuesday,665900000,4800000,9.58,182,37,230395,2018-07-03,2023-01-13
Let's Play,Leeanne M. Krecic (Mongie),Romance,40938474,Ongoing,Tuesday,665900000,4800000,9.58,182,36,234048,2018-06-26,2023-01-13
Let's Play,Leeanne M. Krecic (Mongie),Romance,40938474,Ongoing,Tuesday,665900000,4800000,9.58,182,35,184732,2018-06-19,2023-01-13
Let's Play,Leeanne M. Krecic (Mongie),Romance,40938474,Ongoing,Tuesday,665900000,4800000,9.58,182,34,243102,2018-06-12,2023-01-13
Let's Play,Leeanne M. Krecic (Mongie),Romance,40938474,Ongoing,Tuesday,665900000,4800000,9.58,182,33,277321,2018-06-05,2023-01-13
Let's Play,Leeanne M. Krecic (Mongie),Romance,40938474,Ongoing,Tuesday,665900000,4800000,9.58,182,32,232497,2018-05-29,2023-01-13
Let's Play,Leeanne M. Krecic (Mongie),Romance,40938474,Ongoing,Tuesday,665900000,4800000,9.58,182,31,238021,2018-05-22,2023-01-13
Let's Play,Leeanne M. Krecic (Mongie),Romance,40938474,Ongoing,Tuesday,665900000,4800000,9.58,182,30,195925,2018-05-15,2023-01-13
Let's Play,Leeanne M. Krecic (Mongie),Romance,40938474,Ongoing,Tuesday,665900000,4800000,9.58,182,83,231004,2019-09-09,2023-01-13
Let's Play,Leeanne M. Krecic (Mongie),Romance,40938474,Ongoing,Tuesday,665900000,4800000,9.58,182,82,246503,2019-09-02,2023-01-13
Let's Play,Leeanne M. Krecic (Mongie),Romance,40938474,Ongoing,Tuesday,665900000,4800000,9.58,182,81,233149,2019-08-26,2023-01-13
Let's Play,Leeanne M. Krecic (Mongie),Romance,40938474,Ongoing,Tuesday,665900000,4800000,9.58,182,80,249198,2019-08-19,2023-01-13
Let's Play,Leeanne M. Krecic (Mongie),Romance,40938474,Ongoing,Tuesday,665900000,4800000,9.58,182,79,266694,2019-04-29,2023-01-13
Let's Play,Leeanne M. Krecic (Mongie),Romance,40938474,Ongoing,Tuesday,665900000,4800000,9.58,182,78,233081,2019-04-22,2023-01-13
Let's Play,Leeanne M. Krecic (Mongie),Romance,40938474,Ongoing,Tuesday,665900000,4800000,9.58,182,77,231640,2019-04-15,2023-01-13
Let's Play,Leeanne M. Krecic (Mongie),Romance,40938474,Ongoing,Tuesday,665900000,4800000,9.58,182,76,244851,2019-04-08,2023-01-13
Let's Play,Leeanne M. Krecic (Mongie),Romance,40938474,Ongoing,Tuesday,665900000,4800000,9.58,182,75,241467,2019-04-01,2023-01-13
Let's Play,Leeanne M. Krecic (Mongie),Romance,40938474,Ongoing,Tuesday,665900000,4800000,9.58,182,146,204767,2021-10-11,2023-01-13
Let's Play,Leeanne M. Krecic (Mongie),Romance,40938474,Ongoing,Tuesday,665900000,4800000,9.58,182,145,196529,2021-10-04,2023-01-13
Let's Play,Leeanne M. Krecic (Mongie),Romance,40938474,Ongoing,Tuesday,665900000,4800000,9.58,182,144,199952,2021-09-27,2023-01-13
Let's Play,Leeanne M. Krecic (Mongie),Romance,40938474,Ongoing,Tuesday,665900000,4800000,9.58,182,143,205020,2021-09-13,2023-01-13
Let's Play,Leeanne M. Krecic (Mongie),Romance,40938474,Ongoing,Tuesday,665900000,4800000,9.58,182,142,202439,2021-09-06,2023-01-13
Let's Play,Leeanne M. Krecic (Mongie),Romance,40938474,Ongoing,Tuesday,665900000,4800000,9.58,182,141,216461,2021-08-30,2023-01-13
Let's Play,Leeanne M. Krecic (Mongie),Romance,40938474,Ongoing,Tuesday,665900000,4800000,9.58,182,140,208651,2021-08-23,2023-01-13
Let's Play,Leeanne M. Krecic (Mongie),Romance,40938474,Ongoing,Tuesday,665900000,4800000,9.58,182,139,205343,2021-08-16,2023-01-13
Let's Play,Leeanne M. Krecic (Mongie),Romance,40938474,Ongoing,Tuesday,665900000,4800000,9.58,182,138,223325,2021-08-09,2023-01-13
Let's Play,Leeanne M. Krecic (Mongie),Romance,40938474,Ongoing,Tuesday,665900000,4800000,9.58,182,20,221948,2018-03-06,2023-01-13
Let's Play,Leeanne M. Krecic (Mongie),Romance,40938474,Ongoing,Tuesday,665900000,4800000,9.58,182,19,230418,2018-02-27,2023-01-13
Let's Play,Leeanne M. Krecic (Mongie),Romance,40938474,Ongoing,Tuesday,665900000,4800000,9.58,182,18,231916,2018-02-20,2023-01-13
Let's Play,Leeanne M. Krecic (Mongie),Romance,40938474,Ongoing,Tuesday,665900000,4800000,9.58,182,17,229901,2018-02-13,2023-01-13
Let's Play,Leeanne M. Krecic (Mongie),Romance,40938474,Ongoing,Tuesday,665900000,4800000,9.58,182,16,253253,2018-02-06,2023-01-13
Let's Play,Leeanne M. Krecic (Mongie),Romance,40938474,Ongoing,Tuesday,665900000,4800000,9.58,182,15,208326,2018-01-30,2023-01-13
Let's Play,Leeanne M. Krecic (Mongie),Romance,40938474,Ongoing,Tuesday,665900000,4800000,9.58,182,14,209896,2018-01-23,2023-01-13
Let's Play,Leeanne M. Krecic (Mongie),Romance,40938474,Ongoing,Tuesday,665900000,4800000,9.58,182,13,209996,2018-01-16,2023-01-13
Let's Play,Leeanne M. Krecic (Mongie),Romance,40938474,Ongoing,Tuesday,665900000,4800000,9.58,182,12,218841,2018-01-09,2023-01-13
Let's Play,Leeanne M. Krecic (Mongie),Romance,40938474,Ongoing,Tuesday,665900000,4800000,9.58,182,119,259443,2020-05-25,2023-01-13
Let's Play,Leeanne M. Krecic (Mongie),Romance,40938474,Ongoing,Tuesday,665900000,4800000,9.58,182,118,235675,2020-05-18,2023-01-13
Let's Play,Leeanne M. Krecic (Mongie),Romance,40938474,Ongoing,Tuesday,665900000,4800000,9.58,182,117,241815,2020-05-11,2023-01-13
Let's Play,Leeanne M. Krecic (Mongie),Romance,40938474,Ongoing,Tuesday,665900000,4800000,9.58,182,116,259302,2020-05-04,2023-01-13
Let's Play,Leeanne M. Krecic (Mongie),Romance,40938474,Ongoing,Tuesday,665900000,4800000,9.58,182,115,252531,2020-04-27,2023-01-13
Let's Play,Leeanne M. Krecic (Mongie),Romance,40938474,Ongoing,Tuesday,665900000,4800000,9.58,182,114,243509,2020-04-20,2023-01-13
Let's Play,Leeanne M. Krecic (Mongie),Romance,40938474,Ongoing,Tuesday,665900000,4800000,9.58,182,113,238860,2020-04-13,2023-01-13
Let's Play,Leeanne M. Krecic (Mongie),Romance,40938474,Ongoing,Tuesday,665900000,4800000,9.58,182,112,234307,2020-04-06,2023-01-13
Let's Play,Leeanne M. Krecic (Mongie),Romance,40938474,Ongoing,Tuesday,665900000,4800000,9.58,182,111,230233,2020-03-30,2023-01-13
Let's Play,Leeanne M. Krecic (Mongie),Romance,40938474,Ongoing,Tuesday,665900000,4800000,9.58,182,56,232834,2018-11-20,2023-01-13
Let's Play,Leeanne M. Krecic (Mongie),Romance,40938474,Ongoing,Tuesday,665900000,4800000,9.58,182,55,255092,2018-11-13,2023-01-13
Let's Play,Leeanne M. Krecic (Mongie),Romance,40938474,Ongoing,Tuesday,665900000,4800000,9.58,182,54,243334,2018-11-05,2023-01-13
Let's Play,Leeanne M. Krecic (Mongie),Romance,40938474,Ongoing,Tuesday,665900000,4800000,9.58,182,53,264621,2018-10-30,2023-01-13
Let's Play,Leeanne M. Krecic (Mongie),Romance,40938474,Ongoing,Tuesday,665900000,4800000,9.58,182,52,243697,2018-10-23,2023-01-13
Let's Play,Leeanne M. Krecic (Mongie),Romance,40938474,Ongoing,Tuesday,665900000,4800000,9.58,182,51,261928,2018-10-16,2023-01-13
Let's Play,Leeanne M. Krecic (Mongie),Romance,40938474,Ongoing,Tuesday,665900000,4800000,9.58,182,50,250439,2018-10-09,2023-01-13
Let's Play,Leeanne M. Krecic (Mongie),Romance,40938474,Ongoing,Tuesday,665900000,4800000,9.58,182,49,237077,2018-10-02,2023-01-13
Let's Play,Leeanne M. Krecic (Mongie),Romance,40938474,Ongoing,Tuesday,665900000,4800000,9.58,182,48,257872,2018-09-18,2023-01-13
Let's Play,Leeanne M. Krecic (Mongie),Romance,40938474,Ongoing,Tuesday,665900000,4800000,9.58,182,11,211643,2018-01-02,2023-01-13
Let's Play,Leeanne M. Krecic (Mongie),Romance,40938474,Ongoing,Tuesday,665900000,4800000,9.58,182,10,214550,2017-12-26,2023-01-13
Let's Play,Leeanne M. Krecic (Mongie),Romance,40938474,Ongoing,Tuesday,665900000,4800000,9.58,182,9,205017,2017-12-19,2023-01-13
Let's Play,Leeanne M. Krecic (Mongie),Romance,40938474,Ongoing,Tuesday,665900000,4800000,9.58,182,8,210404,2017-12-12,2023-01-13
Let's Play,Leeanne M. Krecic (Mongie),Romance,40938474,Ongoing,Tuesday,665900000,4800000,9.58,182,7,220311,2017-12-05,2023-01-13
Let's Play,Leeanne M. Krecic (Mongie),Romance,40938474,Ongoing,Tuesday,665900000,4800000,9.58,182,6,212060,2017-11-28,2023-01-13
Let's Play,Leeanne M. Krecic (Mongie),Romance,40938474,Ongoing,Tuesday,665900000,4800000,9.58,182,5,220726,2017-11-21,2023-01-13
Let's Play,Leeanne M. Krecic (Mongie),Romance,40938474,Ongoing,Tuesday,665900000,4800000,9.58,182,4,221288,2017-11-14,2023-01-13
Let's Play,Leeanne M. Krecic (Mongie),Romance,40938474,Ongoing,Tuesday,665900000,4800000,9.58,182,3,229874,2017-11-06,2023-01-13
Let's Play,Leeanne M. Krecic (Mongie),Romance,40938474,Ongoing,Tuesday,665900000,4800000,9.58,182,29,240161,2018-05-08,2023-01-13
Let's Play,Leeanne M. Krecic (Mongie),Romance,40938474,Ongoing,Tuesday,665900000,4800000,9.58,182,28,254572,2018-05-01,2023-01-13
Let's Play,Leeanne M. Krecic (Mongie),Romance,40938474,Ongoing,Tuesday,665900000,4800000,9.58,182,27,247976,2018-04-24,2023-01-13
Let's Play,Leeanne M. Krecic (Mongie),Romance,40938474,Ongoing,Tuesday,665900000,4800000,9.58,182,26,277769,2018-04-17,2023-01-13
Let's Play,Leeanne M. Krecic (Mongie),Romance,40938474,Ongoing,Tuesday,665900000,4800000,9.58,182,25,231473,2018-04-10,2023-01-13
Let's Play,Leeanne M. Krecic (Mongie),Romance,40938474,Ongoing,Tuesday,665900000,4800000,9.58,182,24,208168,2018-04-03,2023-01-13
Let's Play,Leeanne M. Krecic (Mongie),Romance,40938474,Ongoing,Tuesday,665900000,4800000,9.58,182,23,234177,2018-03-27,2023-01-13
Let's Play,Leeanne M. Krecic (Mongie),Romance,40938474,Ongoing,Tuesday,665900000,4800000,9.58,182,22,232873,2018-03-20,2023-01-13
Let's Play,Leeanne M. Krecic (Mongie),Romance,40938474,Ongoing,Tuesday,665900000,4800000,9.58,182,21,227933,2018-03-13,2023-01-13
Let's Play,Leeanne M. Krecic (Mongie),Romance,40938474,Ongoing,Tuesday,665900000,4800000,9.58,182,110,229557,2020-03-23,2023-01-13
Let's Play,Leeanne M. Krecic (Mongie),Romance,40938474,Ongoing,Tuesday,665900000,4800000,9.58,182,109,243202,2020-03-16,2023-01-13
Let's Play,Leeanne M. Krecic (Mongie),Romance,40938474,Ongoing,Tuesday,665900000,4800000,9.58,182,108,260131,2020-03-09,2023-01-13
Let's Play,Leeanne M. Krecic (Mongie),Romance,40938474,Ongoing,Tuesday,665900000,4800000,9.58,182,107,242776,2020-02-24,2023-01-13
Let's Play,Leeanne M. Krecic (Mongie),Romance,40938474,Ongoing,Tuesday,665900000,4800000,9.58,182,106,253833,2020-02-17,2023-01-13
Let's Play,Leeanne M. Krecic (Mongie),Romance,40938474,Ongoing,Tuesday,665900000,4800000,9.58,182,105,239929,2020-02-10,2023-01-13
Let's Play,Leeanne M. Krecic (Mongie),Romance,40938474,Ongoing,Tuesday,665900000,4800000,9.58,182,104,235612,2020-02-03,2023-01-13
Let's Play,Leeanne M. Krecic (Mongie),Romance,40938474,Ongoing,Tuesday,665900000,4800000,9.58,182,103,252020,2020-01-27,2023-01-13
Let's Play,Leeanne M. Krecic (Mongie),Romance,40938474,Ongoing,Tuesday,665900000,4800000,9.58,182,102,241129,2020-01-20,2023-01-13
Let's Play,Leeanne M. Krecic (Mongie),Romance,40938474,Ongoing,Tuesday,665900000,4800000,9.58,182,101,235919,2020-01-13,2023-01-13
Let's Play,Leeanne M. Krecic (Mongie),Romance,40938474,Ongoing,Tuesday,665900000,4800000,9.58,182,100,236322,2020-01-06,2023-01-13
Let's Play,Leeanne M. Krecic (Mongie),Romance,40938474,Ongoing,Tuesday,665900000,4800000,9.58,182,99,237164,2019-12-30,2023-01-13
Let's Play,Leeanne M. Krecic (Mongie),Romance,40938474,Ongoing,Tuesday,665900000,4800000,9.58,182,98,235490,2019-12-23,2023-01-13
Let's Play,Leeanne M. Krecic (Mongie),Romance,40938474,Ongoing,Tuesday,665900000,4800000,9.58,182,97,229889,2019-12-16,2023-01-13
Let's Play,Leeanne M. Krecic (Mongie),Romance,40938474,Ongoing,Tuesday,665900000,4800000,9.58,182,96,236663,2019-12-09,2023-01-13
Let's Play,Leeanne M. Krecic (Mongie),Romance,40938474,Ongoing,Tuesday,665900000,4800000,9.58,182,95,230211,2019-12-02,2023-01-13
Let's Play,Leeanne M. Krecic (Mongie),Romance,40938474,Ongoing,Tuesday,665900000,4800000,9.58,182,94,235502,2019-11-25,2023-01-13
Let's Play,Leeanne M. Krecic (Mongie),Romance,40938474,Ongoing,Tuesday,665900000,4800000,9.58,182,93,229968,2019-11-18,2023-01-13
Let's Play,Leeanne M. Krecic (Mongie),Romance,40938474,Ongoing,Tuesday,665900000,4800000,9.58,182,2,238399,2017-11-06,2023-01-13
Let's Play,Leeanne M. Krecic (Mongie),Romance,40938474,Ongoing,Tuesday,665900000,4800000,9.58,182,1,259950,2017-11-06,2023-01-13
